{
    "taunt": {
        "1": {
            "en_text": "Hi",
            "es_text": "Hola",
            "hi_text": "नमस्ते",
            "id_text": "Hai",
            "pt_text": "Oi",
            "fr_text": "Salut",
            "urdu_text": "Assalam",
            "ar_text": "مرحباً"
        },
        "2": {
            "en_text": "Hello",
            "es_text": "Hola!",
            "hi_text": "नमस्ते",
            "id_text": "Halo",
            "pt_text": "Olá",
            "fr_text": "Bonjour",
            "urdu_text": "Walekum",
            "ar_text": "أهلا"
        },
        "3": {
            "en_text": "Nice Move",
            "es_text": "Buen movimiento",
            "hi_text": "सही खेला  ",
            "id_text": "Bagus Pindah",
            "pt_text": "Boa jogada",
            "fr_text": "Bon mouvement",
            "urdu_text": "Bahot umda chaal",
            "ar_text": "حركة جيدة"
        },
        "4": {
            "en_text": "Oops",
            "es_text": "Vaya",
            "hi_text": "उफ़",
            "id_text": "Ups",
            "pt_text": "oops",
            "fr_text": "Oops",
            "urdu_text": "Aila!",
            "ar_text": "تباً"
        },
        "5": {
            "en_text": "Today is my day",
            "es_text": "Hoy es mi día",
            "hi_text": "आज मेरा दिन है",
            "id_text": "Hari ini adalah hariku",
            "pt_text": "Hoje é meu dia",
            "fr_text": "J'ai de la chance",
            "urdu_text": "Aaj mera din hai",
            "ar_text": "اليوم يومي"
        },
        "6": {
            "en_text": "All the best",
            "es_text": "Todo lo mejor",
            "hi_text": "शुभकामनाएं",
            "id_text": "Semua yang terbaik",
            "pt_text": "Muito bem sucedida",
            "fr_text": "Bonne chance",
            "urdu_text": "khuda kare aap kaamyab hon",
            "ar_text": "بالتوفيق"
        },
        "7": {
            "en_text": "Yeah",
            "es_text": "Sí",
            "hi_text": "हाँ",
            "id_text": "Ya",
            "pt_text": "Sim",
            "fr_text": "Ouais",
            "urdu_text": "Haan",
            "ar_text": "أجل!"
        },
        "8": {
            "en_text": "Remove Blockade",
            "es_text": "quitar el bloqueo",
            "hi_text": "ब्लॉक तोड़ों ",
            "id_text": "Hapus blokade",
            "pt_text": "Remover Blockade",
            "fr_text": "Retirer blocus",
            "urdu_text": "Double goti hatao",
            "ar_text": "أزل الحصار"
        },
        "9": {
            "en_text": "Good game",
            "es_text": "Buen juego",
            "hi_text": "मस्त गेम ",
            "id_text": "Permainan bagus",
            "pt_text": "Bom jogo",
            "fr_text": "Bon jeu",
            "urdu_text": "Badhiya game",
            "ar_text": "لعبة حلوه"
        },
        "10": {
            "en_text": "Hehehe",
            "es_text": "je, je",
            "hi_text": "hehehe",
            "id_text": "hehehe",
            "pt_text": "hehehe",
            "fr_text": "hehehe",
            "urdu_text": "Hahahaha",
            "ar_text": "ههههههههه"
        },
        "11": {
            "en_text": "Unlucky",
            "es_text": "Mala suerte",
            "hi_text": "ख़राब दिन है",
            "id_text": "Sial",
            "pt_text": "Azarado",
            "fr_text": "Malchanceux",
            "urdu_text": "badkismat",
            "ar_text": "غير محظوظ"
        },
        "12": {
            "en_text": "Thanks",
            "es_text": "Gracias",
            "hi_text": "धन्यवाद",
            "id_text": "Terima kasih",
            "pt_text": "obrigado",
            "fr_text": "Merci",
            "urdu_text": "Schukria",
            "ar_text": "شكراً"
        },
        "13": {
            "en_text": "You are good",
            "es_text": "Se te da bien",
            "hi_text": "अच्छा खेलते हो",
            "id_text": "Kamu baik",
            "pt_text": "Você é bom",
            "fr_text": "Tu es bon",
            "urdu_text": "Aap umda khelte hain",
            "ar_text": "أنت جيد"
        },
        "14": {
            "en_text": "Well played",
            "es_text": "Buena Jugada",
            "hi_text": "बहुत बढ़िया",
            "id_text": "Permainan yang bagus",
            "pt_text": "Bem jogado",
            "fr_text": "Bien joué",
            "urdu_text": "Masha Allah!",
            "ar_text": "لعبة جيدة"
        },
        "15": {
            "en_text": "Today is your day",
            "es_text": "Hoy es tu día",
            "hi_text": "आज तुम्हारा दिन है",
            "id_text": "Anda beruntung",
            "pt_text": "Hoje é seu dia",
            "fr_text": "Vous avez de la chance",
            "urdu_text": "Aaj apka din hai",
            "ar_text": "اليوم يومك"
        },
        "16": {
            "en_text": "Please dont' kill",
            "es_text": "Por favor no me mate",
            "hi_text": "मेरी गोटी मत काटो",
            "id_text": "Jangan membunuh",
            "pt_text": "Por favor, não' matar",
            "fr_text": "Ne pas tuer",
            "urdu_text": "Meri goti na maaren",
            "ar_text": "لاتأكلني"
        },
        "17": {
            "en_text": "Play Fast",
            "es_text": "Juega rapido",
            "hi_text": "जल्दी खेलो",
            "id_text": "Cepat",
            "pt_text": "Jogue rápido",
            "fr_text": "Rapide",
            "urdu_text": "Jaldi khelen",
            "ar_text": "إلعب بسرعة"
        },
        "18": {
            "en_text": "I will eat you",
            "es_text": "te comeré",
            "hi_text": "तुम्हारी गोटी काटूंगा",
            "id_text": "Anda akan mati",
            "pt_text": "Eu vou comer você",
            "fr_text": "je vais te manger",
            "urdu_text": "Apki goti katunga",
            "ar_text": "راح آكلك"
        }
    },
    "emoji": {
        "1": {
            "image": "emotion1.png"
        },
        "2": {
            "image": "emotion2.png"
        },
        "3": {
            "image": "emotion3.png"
        },
        "4": {
            "image": "emotion6.png"
        },
        "5": {
            "image": "emotion7.png"
        },
        "6": {
            "image": "emotion9.png"
        },
        "7": {
            "image": "emotion10.png"
        }
    }
}